INSERT INTO [Stanok_na_proizv]([Invertatniy_nomer],[God_vipuska],[Sostoyanie],[God_vvedeniya_v_expluat],[Tabeln_nom]) VALUES('1','2008','-','2009','1')
INSERT INTO [Stanok_na_proizv]([Invertatniy_nomer],[God_vipuska],[Sostoyanie],[God_vvedeniya_v_expluat],[Tabeln_nom]) VALUES('2','2009','-','2010','2')
INSERT INTO [Stanok_na_proizv]([Invertatniy_nomer],[God_vipuska],[Sostoyanie],[God_vvedeniya_v_expluat],[Tabeln_nom]) VALUES('3','2009','-','2011','3')
INSERT INTO [Stanok_na_proizv]([Invertatniy_nomer],[God_vipuska],[Sostoyanie],[God_vvedeniya_v_expluat],[Tabeln_nom]) VALUES('4','2009','-','2011','4')
INSERT INTO [Stanok_na_proizv]([Invertatniy_nomer],[God_vipuska],[Sostoyanie],[God_vvedeniya_v_expluat],[Tabeln_nom]) VALUES('5','2008','-','2009','5')
INSERT INTO [Stanok_na_proizv]([Invertatniy_nomer],[God_vipuska],[Sostoyanie],[God_vvedeniya_v_expluat],[Tabeln_nom]) VALUES('6','2009','-','2010','6')
INSERT INTO [Stanok_na_proizv]([Invertatniy_nomer],[God_vipuska],[Sostoyanie],[God_vvedeniya_v_expluat],[Tabeln_nom]) VALUES('7','2009','-','2010','7')
INSERT INTO [Stanok_na_proizv]([Invertatniy_nomer],[God_vipuska],[Sostoyanie],[God_vvedeniya_v_expluat],[Tabeln_nom]) VALUES('8','2008','-','2010','8')
INSERT INTO [Stanok_na_proizv]([Invertatniy_nomer],[God_vipuska],[Sostoyanie],[God_vvedeniya_v_expluat],[Tabeln_nom]) VALUES('9','2007','-','2008','9')
INSERT INTO [Stanok_na_proizv]([Invertatniy_nomer],[God_vipuska],[Sostoyanie],[God_vvedeniya_v_expluat],[Tabeln_nom]) VALUES('10','2008','-','2009','10')
INSERT INTO [Stanok_na_proizv]([Invertatniy_nomer],[God_vipuska],[Sostoyanie],[God_vvedeniya_v_expluat],[Tabeln_nom]) VALUES('11','2008','-','2009','11')
INSERT INTO [Stanok_na_proizv]([Invertatniy_nomer],[God_vipuska],[Sostoyanie],[God_vvedeniya_v_expluat],[Tabeln_nom]) VALUES('12','2009','-','2010','12')
INSERT INTO [Stanok_na_proizv]([Invertatniy_nomer],[God_vipuska],[Sostoyanie],[God_vvedeniya_v_expluat],[Tabeln_nom]) VALUES('13','2008','-','2009','13')
INSERT INTO [Stanok_na_proizv]([Invertatniy_nomer],[God_vipuska],[Sostoyanie],[God_vvedeniya_v_expluat],[Tabeln_nom]) VALUES('14','2008','-','2009','14')
INSERT INTO [Stanok_na_proizv]([Invertatniy_nomer],[God_vipuska],[Sostoyanie],[God_vvedeniya_v_expluat],[Tabeln_nom]) VALUES('15','2009','-','2010','15')
INSERT INTO [Stanok_na_proizv]([Invertatniy_nomer],[God_vipuska],[Sostoyanie],[God_vvedeniya_v_expluat],[Tabeln_nom]) VALUES('16','2010','-','2011','16')
INSERT INTO [Stanok_na_proizv]([Invertatniy_nomer],[God_vipuska],[Sostoyanie],[God_vvedeniya_v_expluat],[Tabeln_nom]) VALUES('17','2010','-','2011','17')
INSERT INTO [Stanok_na_proizv]([Invertatniy_nomer],[God_vipuska],[Sostoyanie],[God_vvedeniya_v_expluat],[Tabeln_nom]) VALUES('18','2010','-','2011','18')
INSERT INTO [Stanok_na_proizv]([Invertatniy_nomer],[God_vipuska],[Sostoyanie],[God_vvedeniya_v_expluat],[Tabeln_nom]) VALUES('19','2008','-','2009','19')
INSERT INTO [Stanok_na_proizv]([Invertatniy_nomer],[God_vipuska],[Sostoyanie],[God_vvedeniya_v_expluat],[Tabeln_nom]) VALUES('20','2007','-','2008','20')
INSERT INTO [Stanok_na_proizv]([Invertatniy_nomer],[God_vipuska],[Sostoyanie],[God_vvedeniya_v_expluat],[Tabeln_nom]) VALUES('21','2008','-','2009','21')
INSERT INTO [Stanok_na_proizv]([Invertatniy_nomer],[God_vipuska],[Sostoyanie],[God_vvedeniya_v_expluat],[Tabeln_nom]) VALUES('22','2009','-','2010','22')
INSERT INTO [Stanok_na_proizv]([Invertatniy_nomer],[God_vipuska],[Sostoyanie],[God_vvedeniya_v_expluat],[Tabeln_nom]) VALUES('23','2010','-','2011','23')
INSERT INTO [Stanok_na_proizv]([Invertatniy_nomer],[God_vipuska],[Sostoyanie],[God_vvedeniya_v_expluat],[Tabeln_nom]) VALUES('24','2008','-','2009','24')
INSERT INTO [Stanok_na_proizv]([Invertatniy_nomer],[God_vipuska],[Sostoyanie],[God_vvedeniya_v_expluat],[Tabeln_nom]) VALUES('25','2009','-','2010','25')
INSERT INTO [Stanok_na_proizv]([Invertatniy_nomer],[God_vipuska],[Sostoyanie],[God_vvedeniya_v_expluat],[Tabeln_nom]) VALUES('26','2010','-','2011','26')
INSERT INTO [Stanok_na_proizv]([Invertatniy_nomer],[God_vipuska],[Sostoyanie],[God_vvedeniya_v_expluat],[Tabeln_nom]) VALUES('27','2011','-','2012','27')
INSERT INTO [Stanok_na_proizv]([Invertatniy_nomer],[God_vipuska],[Sostoyanie],[God_vvedeniya_v_expluat],[Tabeln_nom]) VALUES('28','2008','-','2009','28')
INSERT INTO [Stanok_na_proizv]([Invertatniy_nomer],[God_vipuska],[Sostoyanie],[God_vvedeniya_v_expluat],[Tabeln_nom]) VALUES('29','2007','-','2008','29')
INSERT INTO [Stanok_na_proizv]([Invertatniy_nomer],[God_vipuska],[Sostoyanie],[God_vvedeniya_v_expluat],[Tabeln_nom]) VALUES('30','2008','-','2009','30')
INSERT INTO [Stanok_na_proizv]([Invertatniy_nomer],[God_vipuska],[Sostoyanie],[God_vvedeniya_v_expluat],[Tabeln_nom]) VALUES('31','2009','-','2010','31')
INSERT INTO [Stanok_na_proizv]([Invertatniy_nomer],[God_vipuska],[Sostoyanie],[God_vvedeniya_v_expluat],[Tabeln_nom]) VALUES('32','2009','-','2010','32')
INSERT INTO [Stanok_na_proizv]([Invertatniy_nomer],[God_vipuska],[Sostoyanie],[God_vvedeniya_v_expluat],[Tabeln_nom]) VALUES('33','2009','-','2010','33')
INSERT INTO [Stanok_na_proizv]([Invertatniy_nomer],[God_vipuska],[Sostoyanie],[God_vvedeniya_v_expluat],[Tabeln_nom]) VALUES('34','2009','-','2010','34')
INSERT INTO [Stanok_na_proizv]([Invertatniy_nomer],[God_vipuska],[Sostoyanie],[God_vvedeniya_v_expluat],[Tabeln_nom]) VALUES('35','2010','-','2010','35')
INSERT INTO [Stanok_na_proizv]([Invertatniy_nomer],[God_vipuska],[Sostoyanie],[God_vvedeniya_v_expluat],[Tabeln_nom]) VALUES('36','2011','-','2011','36')
INSERT INTO [Stanok_na_proizv]([Invertatniy_nomer],[God_vipuska],[Sostoyanie],[God_vvedeniya_v_expluat],[Tabeln_nom]) VALUES('37','2010','-','2010','37')
INSERT INTO [Stanok_na_proizv]([Invertatniy_nomer],[God_vipuska],[Sostoyanie],[God_vvedeniya_v_expluat],[Tabeln_nom]) VALUES('38','2009','-','2010','38')
INSERT INTO [Stanok_na_proizv]([Invertatniy_nomer],[God_vipuska],[Sostoyanie],[God_vvedeniya_v_expluat],[Tabeln_nom]) VALUES('39','2009','-','2010','39')
INSERT INTO [Stanok_na_proizv]([Invertatniy_nomer],[God_vipuska],[Sostoyanie],[God_vvedeniya_v_expluat],[Tabeln_nom]) VALUES('40','2008','-','2009','40')
INSERT INTO [Stanok_na_proizv]([Invertatniy_nomer],[God_vipuska],[Sostoyanie],[God_vvedeniya_v_expluat],[Tabeln_nom]) VALUES('41','2008','-','2008','41')
INSERT INTO [Stanok_na_proizv]([Invertatniy_nomer],[God_vipuska],[Sostoyanie],[God_vvedeniya_v_expluat],[Tabeln_nom]) VALUES('42','2008','-','2008','42')
INSERT INTO [Stanok_na_proizv]([Invertatniy_nomer],[God_vipuska],[Sostoyanie],[God_vvedeniya_v_expluat],[Tabeln_nom]) VALUES('43','2010','-','2010','43')
INSERT INTO [Stanok_na_proizv]([Invertatniy_nomer],[God_vipuska],[Sostoyanie],[God_vvedeniya_v_expluat],[Tabeln_nom]) VALUES('44','2010','-','2010','44')
INSERT INTO [Stanok_na_proizv]([Invertatniy_nomer],[God_vipuska],[Sostoyanie],[God_vvedeniya_v_expluat],[Tabeln_nom]) VALUES('45','2010','-','2011','45')
INSERT INTO [Stanok_na_proizv]([Invertatniy_nomer],[God_vipuska],[Sostoyanie],[God_vvedeniya_v_expluat],[Tabeln_nom]) VALUES('46','2008','-','2009','46')
INSERT INTO [Stanok_na_proizv]([Invertatniy_nomer],[God_vipuska],[Sostoyanie],[God_vvedeniya_v_expluat],[Tabeln_nom]) VALUES('47','2008','-','2009','47')
INSERT INTO [Stanok_na_proizv]([Invertatniy_nomer],[God_vipuska],[Sostoyanie],[God_vvedeniya_v_expluat],[Tabeln_nom]) VALUES('48','2009','-','2009','48')
INSERT INTO [Stanok_na_proizv]([Invertatniy_nomer],[God_vipuska],[Sostoyanie],[God_vvedeniya_v_expluat],[Tabeln_nom]) VALUES('49','2009','-','2010','49')
INSERT INTO [Stanok_na_proizv]([Invertatniy_nomer],[God_vipuska],[Sostoyanie],[God_vvedeniya_v_expluat],[Tabeln_nom]) VALUES('50','2009','-','2009','50')
INSERT INTO [Stanok_na_proizv]([Invertatniy_nomer],[God_vipuska],[Sostoyanie],[God_vvedeniya_v_expluat],[Tabeln_nom]) VALUES('51','2009','-','2010','51')
INSERT INTO [Stanok_na_proizv]([Invertatniy_nomer],[God_vipuska],[Sostoyanie],[God_vvedeniya_v_expluat],[Tabeln_nom]) VALUES('52','2010','-','2011','52')
INSERT INTO [Stanok_na_proizv]([Invertatniy_nomer],[God_vipuska],[Sostoyanie],[God_vvedeniya_v_expluat],[Tabeln_nom]) VALUES('53','2010','-','2010','53')
INSERT INTO [Stanok_na_proizv]([Invertatniy_nomer],[God_vipuska],[Sostoyanie],[God_vvedeniya_v_expluat],[Tabeln_nom]) VALUES('54','2010','-','2010','54')
INSERT INTO [Stanok_na_proizv]([Invertatniy_nomer],[God_vipuska],[Sostoyanie],[God_vvedeniya_v_expluat],[Tabeln_nom]) VALUES('55','2009','-','2010','55')
INSERT INTO [Stanok_na_proizv]([Invertatniy_nomer],[God_vipuska],[Sostoyanie],[God_vvedeniya_v_expluat],[Tabeln_nom]) VALUES('56','2009','-','2010','56')
INSERT INTO [Stanok_na_proizv]([Invertatniy_nomer],[God_vipuska],[Sostoyanie],[God_vvedeniya_v_expluat],[Tabeln_nom]) VALUES('57','2008','-','2009','57')
INSERT INTO [Stanok_na_proizv]([Invertatniy_nomer],[God_vipuska],[Sostoyanie],[God_vvedeniya_v_expluat],[Tabeln_nom]) VALUES('58','2008','-','2009','58')
INSERT INTO [Stanok_na_proizv]([Invertatniy_nomer],[God_vipuska],[Sostoyanie],[God_vvedeniya_v_expluat],[Tabeln_nom]) VALUES('59','2008','-','2009','59')
INSERT INTO [Stanok_na_proizv]([Invertatniy_nomer],[God_vipuska],[Sostoyanie],[God_vvedeniya_v_expluat],[Tabeln_nom]) VALUES('60','2009','-','2010','60')




--gj\\ремонт
INSERT INTO [Grafic_rabot] ([Date_nach_remont],[Data_okonch_rem],[Invertatniy_nomer],[Vnepan_rem],[Plan_proverk_oborud],[Naimenovanie_det],[Raschetn_koef]) VALUES('20.08.2011','3.09.2011','1','','','','')
INSERT INTO [Grafic_rabot] ([Date_nach_remont],[Data_okonch_rem],[Invertatniy_nomer],[Vnepan_rem],[Plan_proverk_oborud],[Naimenovanie_det],[Raschetn_koef]) VALUES('15.01.2012','30.01.2012','10','','','','')
INSERT INTO [Grafic_rabot] ([Date_nach_remont],[Data_okonch_rem],[Invertatniy_nomer],[Vnepan_rem],[Plan_proverk_oborud],[Naimenovanie_det],[Raschetn_koef]) VALUES('20.06.2012','8.07.2012','13','','','','')
INSERT INTO [Grafic_rabot] ([Date_nach_remont],[Data_okonch_rem],[Invertatniy_nomer],[Vnepan_rem],[Plan_proverk_oborud],[Naimenovanie_det],[Raschetn_koef]) VALUES('2.09.2012','16.09.2012','8','','','','')
INSERT INTO [Grafic_rabot] ([Date_nach_remont],[Data_okonch_rem],[Invertatniy_nomer],[Vnepan_rem],[Plan_proverk_oborud],[Naimenovanie_det],[Raschetn_koef]) VALUES('25.11.2012','6.11.2012','22','','','','')
INSERT INTO [Grafic_rabot] ([Date_nach_remont],[Data_okonch_rem],[Invertatniy_nomer],[Vnepan_rem],[Plan_proverk_oborud],[Naimenovanie_det],[Raschetn_koef]) VALUES('7.12.2012','25.12.2012','41','','','','')
INSERT INTO [Grafic_rabot] ([Date_nach_remont],[Data_okonch_rem],[Invertatniy_nomer],[Vnepan_rem],[Plan_proverk_oborud],[Naimenovanie_det],[Raschetn_koef]) VALUES('23.01.2013','3.02.2013','42','','','','')
INSERT INTO [Grafic_rabot] ([Date_nach_remont],[Data_okonch_rem],[Invertatniy_nomer],[Vnepan_rem],[Plan_proverk_oborud],[Naimenovanie_det],[Raschetn_koef]) VALUES('3.02.2013','17.02.2013','46','','','','')
INSERT INTO [Grafic_rabot] ([Date_nach_remont],[Data_okonch_rem],[Invertatniy_nomer],[Vnepan_rem],[Plan_proverk_oborud],[Naimenovanie_det],[Raschetn_koef]) VALUES('20.02.2013','3.02.2013','57','','','','')
INSERT INTO [Grafic_rabot] ([Date_nach_remont],[Data_okonch_rem],[Invertatniy_nomer],[Vnepan_rem],[Plan_proverk_oborud],[Naimenovanie_det],[Raschetn_koef]) VALUES('3.03.2013','20.03.2013','58','','','','')
INSERT INTO [Grafic_rabot] ([Date_nach_remont],[Data_okonch_rem],[Invertatniy_nomer],[Vnepan_rem],[Plan_proverk_oborud],[Naimenovanie_det],[Raschetn_koef]) VALUES('23.03.2013','9.04.2013','59','','','','')
INSERT INTO [Grafic_rabot] ([Date_nach_remont],[Data_okonch_rem],[Invertatniy_nomer],[Vnepan_rem],[Plan_proverk_oborud],[Naimenovanie_det],[Raschetn_koef]) VALUES('10.04.2013','25.04.2013','39','','','','')
INSERT INTO [Grafic_rabot] ([Date_nach_remont],[Data_okonch_rem],[Invertatniy_nomer],[Vnepan_rem],[Plan_proverk_oborud],[Naimenovanie_det],[Raschetn_koef]) VALUES('30.04.2013','13.05.2013','38','','','','')
INSERT INTO [Grafic_rabot] ([Date_nach_remont],[Data_okonch_rem],[Invertatniy_nomer],[Vnepan_rem],[Plan_proverk_oborud],[Naimenovanie_det],[Raschetn_koef]) VALUES('15.05.2013','27.05.2013','37','','','','')
INSERT INTO [Grafic_rabot] ([Date_nach_remont],[Data_okonch_rem],[Invertatniy_nomer],[Vnepan_rem],[Plan_proverk_oborud],[Naimenovanie_det],[Raschetn_koef]) VALUES('30.05.2013','12.06.2013','40','','','','')
INSERT INTO [Grafic_rabot] ([Date_nach_remont],[Data_okonch_rem],[Invertatniy_nomer],[Vnepan_rem],[Plan_proverk_oborud],[Naimenovanie_det],[Raschetn_koef]) VALUES('14.06.2013','28.06.2013','60','','','','')




----детали для ремонта
INSERT INTO [Det_dlya_rem]([Naimenovanie_det],[Kolichestv]) VALUES('Ремень','400')
INSERT INTO [Det_dlya_rem]([Naimenovanie_det],[Kolichestv]) VALUES('Линейный подшипник','600')
INSERT INTO [Det_dlya_rem]([Naimenovanie_det],[Kolichestv]) VALUES('Электродвигатель','300')
INSERT INTO [Det_dlya_rem]([Naimenovanie_det],[Kolichestv]) VALUES('Шаговый двигатель','200')
INSERT INTO [Det_dlya_rem]([Naimenovanie_det],[Kolichestv]) VALUES('болт крепления ОПУ2','500')
INSERT INTO [Det_dlya_rem]([Naimenovanie_det],[Kolichestv]) VALUES('болт крепления ОПУ1,'600')
INSERT INTO [Det_dlya_rem]([Naimenovanie_det],[Kolichestv]) VALUES('Датчик Norgren ','100')
INSERT INTO [Det_dlya_rem]([Naimenovanie_det],[Kolichestv]) VALUES('Частотный преобразователь','300')
INSERT INTO [Det_dlya_rem]([Naimenovanie_det],[Kolichestv]) VALUES('Инвертор ANHOR AH3005','200')
INSERT INTO [Det_dlya_rem]([Naimenovanie_det],[Kolichestv]) VALUES('Реле Matehing ETR2HN','300')